cid,sum,datekey
0,76924,20250601
1,52760,20250601
2,25237,20250601
3,90933,20250601
4,39037,20250601
5,80138,20250601
6,56343,20250601
7,73806,20250601
8,44573,20250601
9,12871,20250601
10,20423,20250601
11,67700,20250601
12,98135,20250601
13,76445,20250601
14,40236,20250601
15,54662,20250601
16,60983,20250601
17,46746,20250601
0,39916,20250602
1,23140,20250602
2,32897,20250602
3,29041,20250602
4,45653,20250602
5,80377,20250602
6,43372,20250602
7,92157,20250602
8,73021,20250602
9,19088,20250602
10,90166,20250602
11,90789,20250602
12,59514,20250602
13,86976,20250602
14,82343,20250602
15,40801,20250602
16,23746,20250602
17,43947,20250602
0,78093,20250603
1,57351,20250603
2,47095,20250603
3,20118,20250603
4,16697,20250603
5,34567,20250603
6,97442,20250603
7,78259,20250603
8,21228,20250603
9,41473,20250603
10,23386,20250603
11,62741,20250603
12,86033,20250603
13,93268,20250603
14,58988,20250603
15,24601,20250603
16,25614,20250603
17,86663,20250603
0,64946,20250604
1,82914,20250604
2,56009,20250604
3,72133,20250604
4,95922,20250604
5,31483,20250604
6,12168,20250604
7,97297,20250604
8,53142,20250604
9,32739,20250604
10,80451,20250604
11,73956,20250604
12,15031,20250604
13,10471,20250604
14,70252,20250604
15,74713,20250604
16,68656,20250604
17,49505,20250604
0,89242,20250605
1,38237,20250605
2,16411,20250605
3,71519,20250605
4,62615,20250605
5,31082,20250605
6,52338,20250605
7,64069,20250605
8,70286,20250605
9,98665,20250605
10,94070,20250605
11,95571,20250605
12,13699,20250605
13,10079,20250605
14,19510,20250605
15,25788,20250605
16,52147,20250605
17,59508,20250605
0,51785,20250606
1,29830,20250606
2,36394,20250606
3,96373,20250606
4,41035,20250606
5,65198,20250606
6,66952,20250606
7,93603,20250606
8,21968,20250606
9,35454,20250606
10,62290,20250606
11,84697,20250606
12,46310,20250606
13,50661,20250606
14,53665,20250606
15,45324,20250606
16,91400,20250606
17,70556,20250606
0,51691,20250607
1,49129,20250607
2,55313,20250607
3,32394,20250607
4,89976,20250607
5,89347,20250607
6,27245,20250607
7,21523,20250607
8,14791,20250607
9,22450,20250607
10,46610,20250607
11,65956,20250607
12,55452,20250607
13,12805,20250607
14,58334,20250607
15,53172,20250607
16,21388,20250607
17,11093,20250607
0,25932,20250608
1,65338,20250608
2,47605,20250608
3,90905,20250608
4,62326,20250608
5,58855,20250608
6,16831,20250608
7,94145,20250608
8,42081,20250608
9,61433,20250608
10,75861,20250608
11,57707,20250608
12,87949,20250608
13,27401,20250608
14,45410,20250608
15,13643,20250608
16,96902,20250608
17,10965,20250608
0,66876,20250609
1,28448,20250609
2,76507,20250609
3,56456,20250609
4,10644,20250609
5,69489,20250609
6,66944,20250609
7,51579,20250609
8,26711,20250609
9,73541,20250609
10,42019,20250609
11,33260,20250609
12,88414,20250609
13,28783,20250609
14,65919,20250609
15,36242,20250609
16,48240,20250609
17,94507,20250609
0,63222,20250610
1,95165,20250610
2,10861,20250610
3,21903,20250610
4,10677,20250610
5,44257,20250610
6,38839,20250610
7,44251,20250610
8,37410,20250610
9,49183,20250610
10,34477,20250610
11,15988,20250610
12,54360,20250610
13,76562,20250610
14,75354,20250610
15,48194,20250610
16,56743,20250610
17,60789,20250610
0,87915,20250611
1,25697,20250611
2,32879,20250611
3,55167,20250611
4,90860,20250611
5,11612,20250611
6,20287,20250611
7,76784,20250611
8,60166,20250611
9,79228,20250611
10,25816,20250611
11,82503,20250611
12,14224,20250611
13,69138,20250611
14,82180,20250611
15,58947,20250611
16,38683,20250611
17,76112,20250611
0,40305,20250612
1,43171,20250612
2,39351,20250612
3,51751,20250612
4,93759,20250612
5,29366,20250612
6,43631,20250612
7,45152,20250612
8,48317,20250612
9,11374,20250612
10,13969,20250612
11,71661,20250612
12,45448,20250612
13,84664,20250612
14,79360,20250612
15,57424,20250612
16,36183,20250612
17,92513,20250612
0,14898,20250613
1,36275,20250613
2,16849,20250613
3,76042,20250613
4,86901,20250613
5,55620,20250613
6,24596,20250613
7,26018,20250613
8,60919,20250613
9,44221,20250613
10,80178,20250613
11,75121,20250613
12,57018,20250613
13,79969,20250613
14,34260,20250613
15,16648,20250613
16,53869,20250613
17,53293,20250613
0,36797,20250614
1,77140,20250614
2,58054,20250614
3,37673,20250614
4,25871,20250614
5,84067,20250614
6,89595,20250614
7,59623,20250614
8,42185,20250614
9,37429,20250614
10,29008,20250614
11,21958,20250614
12,64193,20250614
13,55029,20250614
14,22849,20250614
15,89432,20250614
16,88317,20250614
17,57975,20250614
0,87893,20250615
1,51311,20250615
2,84186,20250615
3,95598,20250615
4,10966,20250615
5,16097,20250615
6,20307,20250615
7,45086,20250615
8,26268,20250615
9,27882,20250615
10,15555,20250615
11,68421,20250615
12,98900,20250615
13,80643,20250615
14,36041,20250615
15,61677,20250615
16,78047,20250615
17,30913,20250615
0,57897,20250616
1,11737,20250616
2,81836,20250616
3,51267,20250616
4,33999,20250616
5,54361,20250616
6,30945,20250616
7,25787,20250616
8,89399,20250616
9,86211,20250616
10,51956,20250616
11,51631,20250616
12,37057,20250616
13,53791,20250616
14,51910,20250616
15,84145,20250616
16,93318,20250616
17,93344,20250616
0,69090,20250617
1,76927,20250617
2,36118,20250617
3,53813,20250617
4,22119,20250617
5,87420,20250617
6,21299,20250617
7,97306,20250617
8,46964,20250617
9,25822,20250617
10,62880,20250617
11,77401,20250617
12,12281,20250617
13,35435,20250617
14,37070,20250617
15,63041,20250617
16,96778,20250617
17,15884,20250617
0,53032,20250618
1,25290,20250618
2,57578,20250618
3,52711,20250618
4,10670,20250618
5,57694,20250618
6,13800,20250618
7,76163,20250618
8,96111,20250618
9,23031,20250618
10,37628,20250618
11,35222,20250618
12,77583,20250618
13,40686,20250618
14,93788,20250618
15,52579,20250618
16,45834,20250618
17,86819,20250618
0,33776,20250619
1,68372,20250619
2,35973,20250619
3,55556,20250619
4,72269,20250619
5,41949,20250619
6,69877,20250619
7,11452,20250619
8,37411,20250619
9,44587,20250619
10,37082,20250619
11,13439,20250619
12,26505,20250619
13,36524,20250619
14,39730,20250619
15,85942,20250619
16,76551,20250619
17,85332,20250619
0,39721,20250620
1,61680,20250620
2,62600,20250620
3,45910,20250620
4,11859,20250620
5,95296,20250620
6,47887,20250620
7,16205,20250620
8,37342,20250620
9,59566,20250620
10,44388,20250620
11,41130,20250620
12,83925,20250620
13,92058,20250620
14,82146,20250620
15,87021,20250620
16,17922,20250620
17,21335,20250620
0,56113,20250621
1,46309,20250621
2,90487,20250621
3,88128,20250621
4,38621,20250621
5,67677,20250621
6,82105,20250621
7,74800,20250621
8,53934,20250621
9,40350,20250621
10,68255,20250621
11,47648,20250621
12,44706,20250621
13,83766,20250621
14,76728,20250621
15,32677,20250621
16,75737,20250621
17,45672,20250621
0,15046,20250622
1,77657,20250622
2,61991,20250622
3,69577,20250622
4,74748,20250622
5,19054,20250622
6,47441,20250622
7,57503,20250622
8,42919,20250622
9,73141,20250622
10,63489,20250622
11,83460,20250622
12,23764,20250622
13,61842,20250622
14,83774,20250622
15,68517,20250622
16,49898,20250622
17,64132,20250622
0,26947,20250623
1,71318,20250623
2,12773,20250623
3,12294,20250623
4,49842,20250623
5,11218,20250623
6,81650,20250623
7,72275,20250623
8,50105,20250623
9,69909,20250623
10,50889,20250623
11,21199,20250623
12,67070,20250623
13,24368,20250623
14,22754,20250623
15,95034,20250623
16,88496,20250623
17,95989,20250623
0,37909,20250624
1,69993,20250624
2,77035,20250624
3,38304,20250624
4,50433,20250624
5,31971,20250624
6,65405,20250624
7,98630,20250624
8,25049,20250624
9,97913,20250624
10,82983,20250624
11,50112,20250624
12,20868,20250624
13,91054,20250624
14,22209,20250624
15,47040,20250624
16,12753,20250624
17,25050,20250624
0,44331,20250625
1,65543,20250625
2,61182,20250625
3,78294,20250625
4,36714,20250625
5,96955,20250625
6,26308,20250625
7,55039,20250625
8,13940,20250625
9,26404,20250625
10,30641,20250625
11,73617,20250625
12,45332,20250625
13,54960,20250625
14,19321,20250625
15,18403,20250625
16,35858,20250625
17,73406,20250625
0,53490,20250626
1,18502,20250626
2,99351,20250626
3,30525,20250626
4,49419,20250626
5,40655,20250626
6,60119,20250626
7,64685,20250626
8,76218,20250626
9,18088,20250626
10,75188,20250626
11,65735,20250626
12,31650,20250626
13,80101,20250626
14,27128,20250626
15,91494,20250626
16,30336,20250626
17,63922,20250626
0,64742,20250627
1,24473,20250627
2,39957,20250627
3,79663,20250627
4,19345,20250627
5,18925,20250627
6,57525,20250627
7,47327,20250627
8,26659,20250627
9,92375,20250627
10,65047,20250627
11,48183,20250627
12,47930,20250627
13,88055,20250627
14,56415,20250627
15,84242,20250627
16,41763,20250627
17,71742,20250627
0,14982,20250628
1,15437,20250628
2,47846,20250628
3,47155,20250628
4,27191,20250628
5,66667,20250628
6,14736,20250628
7,73500,20250628
8,91431,20250628
9,51866,20250628
10,30705,20250628
11,55547,20250628
12,47304,20250628
13,64766,20250628
14,63391,20250628
15,80559,20250628
16,92252,20250628
17,40088,20250628
0,92773,20250629
1,40619,20250629
2,36586,20250629
3,35690,20250629
4,78393,20250629
5,58147,20250629
6,12876,20250629
7,91979,20250629
8,85867,20250629
9,28201,20250629
10,97315,20250629
11,85291,20250629
12,95902,20250629
13,27537,20250629
14,99715,20250629
15,27002,20250629
16,55910,20250629
17,85829,20250629
0,29149,20250630
1,64236,20250630
2,36566,20250630
3,26124,20250630
4,87096,20250630
5,70996,20250630
6,43830,20250630
7,61942,20250630
8,82918,20250630
9,62483,20250630
10,11357,20250630
11,85444,20250630
12,30854,20250630
13,41596,20250630
14,77593,20250630
15,59886,20250630
16,20326,20250630
17,40100,20250630
0,33592,20250701
1,92968,20250701
2,54385,20250701
3,55613,20250701
4,60636,20250701
5,42989,20250701
6,68411,20250701
7,83345,20250701
8,23890,20250701
9,59654,20250701
10,92051,20250701
11,61808,20250701
12,93714,20250701
13,67457,20250701
14,35926,20250701
15,32359,20250701
16,19234,20250701
17,43655,20250701
0,21217,20250702
1,89198,20250702
2,50168,20250702
3,21562,20250702
4,72877,20250702
5,86682,20250702
6,42700,20250702
7,15931,20250702
8,30319,20250702
9,40153,20250702
10,61320,20250702
11,93202,20250702
12,45733,20250702
13,60798,20250702
14,26128,20250702
15,89449,20250702
16,12668,20250702
17,91277,20250702
0,87790,20250703
1,52930,20250703
2,30298,20250703
3,10900,20250703
4,15154,20250703
5,20868,20250703
6,10410,20250703
7,77464,20250703
8,60751,20250703
9,14952,20250703
10,32566,20250703
11,55039,20250703
12,65041,20250703
13,57357,20250703
14,44258,20250703
15,52270,20250703
16,42587,20250703
17,72606,20250703
0,92970,20250704
1,41831,20250704
2,88959,20250704
3,96023,20250704
4,26412,20250704
5,24965,20250704
6,26666,20250704
7,57421,20250704
8,64807,20250704
9,45733,20250704
10,17593,20250704
11,69981,20250704
12,47147,20250704
13,76519,20250704
14,70824,20250704
15,87737,20250704
16,92209,20250704
17,58017,20250704
0,59681,20250705
1,82339,20250705
2,75833,20250705
3,92437,20250705
4,88558,20250705
5,80519,20250705
6,49206,20250705
7,56069,20250705
8,39944,20250705
9,17654,20250705
10,78850,20250705
11,44524,20250705
12,70900,20250705
13,14479,20250705
14,54422,20250705
15,24580,20250705
16,20395,20250705
17,38021,20250705
0,49734,20250706
1,82403,20250706
2,93063,20250706
3,84385,20250706
4,41549,20250706
5,99930,20250706
6,51246,20250706
7,65112,20250706
8,32096,20250706
9,58060,20250706
10,69072,20250706
11,17122,20250706
12,69219,20250706
13,14923,20250706
14,77267,20250706
15,49144,20250706
16,29224,20250706
17,22446,20250706
0,96558,20250707
1,70275,20250707
2,27367,20250707
3,12512,20250707
4,21454,20250707
5,82787,20250707
6,62639,20250707
7,51934,20250707
8,36917,20250707
9,43801,20250707
10,39956,20250707
11,42394,20250707
12,87087,20250707
13,10396,20250707
14,95452,20250707
15,10419,20250707
16,64688,20250707
17,97251,20250707
0,12909,20250708
1,71059,20250708
2,44875,20250708
3,84662,20250708
4,30969,20250708
5,92038,20250708
6,17281,20250708
7,50917,20250708
8,48234,20250708
9,61776,20250708
10,86217,20250708
11,11212,20250708
12,63431,20250708
13,74492,20250708
14,23377,20250708
15,43157,20250708
16,99062,20250708
17,80135,20250708
0,50890,20250709
1,15475,20250709
2,33940,20250709
3,48979,20250709
4,86232,20250709
5,16602,20250709
6,37826,20250709
7,86548,20250709
8,28410,20250709
9,90440,20250709
10,46716,20250709
11,22775,20250709
12,81509,20250709
13,84701,20250709
14,15176,20250709
15,48573,20250709
16,57125,20250709
17,46104,20250709
0,72244,20250710
1,48945,20250710
2,60849,20250710
3,44945,20250710
4,34022,20250710
5,95685,20250710
6,59778,20250710
7,64604,20250710
8,42968,20250710
9,97192,20250710
10,62365,20250710
11,73825,20250710
12,25272,20250710
13,51233,20250710
14,46397,20250710
15,75106,20250710
16,83397,20250710
17,55988,20250710
0,99137,20250711
1,66997,20250711
2,84554,20250711
3,68747,20250711
4,36018,20250711
5,75654,20250711
6,86150,20250711
7,71463,20250711
8,65208,20250711
9,48866,20250711
10,24560,20250711
11,95878,20250711
12,92319,20250711
13,96373,20250711
14,40184,20250711
15,50672,20250711
16,47615,20250711
17,43061,20250711
0,46871,20250712
1,99208,20250712
2,97722,20250712
3,55572,20250712
4,18157,20250712
5,94340,20250712
6,45994,20250712
7,16883,20250712
8,82037,20250712
9,98357,20250712
10,76439,20250712
11,56570,20250712
12,77963,20250712
13,26156,20250712
14,46132,20250712
15,85887,20250712
16,26322,20250712
17,59226,20250712
0,28578,20250713
1,48253,20250713
2,58714,20250713
3,51715,20250713
4,76733,20250713
5,63470,20250713
6,16595,20250713
7,69995,20250713
8,19425,20250713
9,77268,20250713
10,21922,20250713
11,55726,20250713
12,21318,20250713
13,61994,20250713
14,62298,20250713
15,34787,20250713
16,42278,20250713
17,15785,20250713
0,40715,20250714
1,72909,20250714
2,70703,20250714
3,30690,20250714
4,19461,20250714
5,30702,20250714
6,65203,20250714
7,61751,20250714
8,72834,20250714
9,41308,20250714
10,28309,20250714
11,57842,20250714
12,51910,20250714
13,72700,20250714
14,35201,20250714
15,97928,20250714
16,90307,20250714
17,93104,20250714
0,45349,20250715
1,55223,20250715
2,71666,20250715
3,11333,20250715
4,24126,20250715
5,28753,20250715
6,60143,20250715
7,80880,20250715
8,79920,20250715
9,81211,20250715
10,91235,20250715
11,55684,20250715
12,47241,20250715
13,79365,20250715
14,79867,20250715
15,61132,20250715
16,29111,20250715
17,45535,20250715
0,86098,20250716
1,61205,20250716
2,40825,20250716
3,73355,20250716
4,93482,20250716
5,23517,20250716
6,13158,20250716
7,21394,20250716
8,25744,20250716
9,84015,20250716
10,34469,20250716
11,88911,20250716
12,62492,20250716
13,17022,20250716
14,79859,20250716
15,87673,20250716
16,78491,20250716
17,46594,20250716
0,19935,20250717
1,18762,20250717
2,37848,20250717
3,38658,20250717
4,66571,20250717
5,59427,20250717
6,59636,20250717
7,91488,20250717
8,19280,20250717
9,31421,20250717
10,49457,20250717
11,67794,20250717
12,97037,20250717
13,47282,20250717
14,11656,20250717
15,87371,20250717
16,27116,20250717
17,93567,20250717
0,13485,20250718
1,44967,20250718
2,14110,20250718
3,52195,20250718
4,66919,20250718
5,85547,20250718
6,93218,20250718
7,60206,20250718
8,21886,20250718
9,20474,20250718
10,46781,20250718
11,90443,20250718
12,71639,20250718
13,75268,20250718
14,29458,20250718
15,69906,20250718
16,22225,20250718
17,38850,20250718
0,61161,20250719
1,15630,20250719
2,23394,20250719
3,77028,20250719
4,46856,20250719
5,85724,20250719
6,25878,20250719
7,38271,20250719
8,52636,20250719
9,77917,20250719
10,56232,20250719
11,80561,20250719
12,54550,20250719
13,28631,20250719
14,69777,20250719
15,32675,20250719
16,99723,20250719
17,59542,20250719
0,63789,20250720
1,49865,20250720
2,38000,20250720
3,97929,20250720
4,23778,20250720
5,58682,20250720
6,40278,20250720
7,67799,20250720
8,77405,20250720
9,84773,20250720
10,84782,20250720
11,62656,20250720
12,21544,20250720
13,42319,20250720
14,27768,20250720
15,30541,20250720
16,77172,20250720
17,23822,20250720
0,95579,20250721
1,87349,20250721
2,86862,20250721
3,58498,20250721
4,95787,20250721
5,28723,20250721
6,33814,20250721
7,72044,20250721
8,90960,20250721
9,67477,20250721
10,90588,20250721
11,98946,20250721
12,59848,20250721
13,34486,20250721
14,66757,20250721
15,27431,20250721
16,83060,20250721
17,77533,20250721
0,72584,20250722
1,88111,20250722
2,56497,20250722
3,36905,20250722
4,19176,20250722
5,37629,20250722
6,34924,20250722
7,25566,20250722
8,40634,20250722
9,74914,20250722
10,85504,20250722
11,83371,20250722
12,11027,20250722
13,47396,20250722
14,17932,20250722
15,55358,20250722
16,22357,20250722
17,12700,20250722
0,39624,20250723
1,30058,20250723
2,86119,20250723
3,36249,20250723
4,29750,20250723
5,43770,20250723
6,86438,20250723
7,59753,20250723
8,87915,20250723
9,33851,20250723
10,65792,20250723
11,65192,20250723
12,55507,20250723
13,81562,20250723
14,87980,20250723
15,66468,20250723
16,46224,20250723
17,99330,20250723
0,43386,20250724
1,36370,20250724
2,37330,20250724
3,33744,20250724
4,26714,20250724
5,85422,20250724
6,43690,20250724
7,65982,20250724
8,46559,20250724
9,33097,20250724
10,70234,20250724
11,54775,20250724
12,13118,20250724
13,96658,20250724
14,33736,20250724
15,56492,20250724
16,19945,20250724
17,84603,20250724
0,16143,20250725
1,21395,20250725
2,55388,20250725
3,63009,20250725
4,42207,20250725
5,15777,20250725
6,19775,20250725
7,60311,20250725
8,86750,20250725
9,35003,20250725
10,68525,20250725
11,56721,20250725
12,46193,20250725
13,59481,20250725
14,60572,20250725
15,65466,20250725
16,30561,20250725
17,88921,20250725
0,13722,20250726
1,36601,20250726
2,98950,20250726
3,13735,20250726
4,86876,20250726
5,92050,20250726
6,43871,20250726
7,44360,20250726
8,73357,20250726
9,36919,20250726
10,64444,20250726
11,63241,20250726
12,62353,20250726
13,97810,20250726
14,13787,20250726
15,32262,20250726
16,61973,20250726
17,47820,20250726
0,92099,20250727
1,82317,20250727
2,18054,20250727
3,89840,20250727
4,79514,20250727
5,50441,20250727
6,47238,20250727
7,84708,20250727
8,69412,20250727
9,57679,20250727
10,16433,20250727
11,34448,20250727
12,96108,20250727
13,10777,20250727
14,82890,20250727
15,13245,20250727
16,69412,20250727
17,16616,20250727
0,54926,20250728
1,34490,20250728
2,97617,20250728
3,66600,20250728
4,55846,20250728
5,21939,20250728
6,83307,20250728
7,47784,20250728
8,71988,20250728
9,25234,20250728
10,87215,20250728
11,74132,20250728
12,25257,20250728
13,46019,20250728
14,50808,20250728
15,40886,20250728
16,72505,20250728
17,87839,20250728
0,37921,20250729
1,57278,20250729
2,39075,20250729
3,35896,20250729
4,88005,20250729
5,42216,20250729
6,84023,20250729
7,76849,20250729
8,71221,20250729
9,25742,20250729
10,85846,20250729
11,90111,20250729
12,81703,20250729
13,94874,20250729
14,35429,20250729
15,43127,20250729
16,35997,20250729
17,46763,20250729
0,63340,20250730
1,91547,20250730
2,31646,20250730
3,27941,20250730
4,29877,20250730
5,22400,20250730
6,82914,20250730
7,18327,20250730
8,41811,20250730
9,95422,20250730
10,69724,20250730
11,85840,20250730
12,26019,20250730
13,84827,20250730
14,27850,20250730
15,33605,20250730
16,82796,20250730
17,98419,20250730
0,60096,20250731
1,83769,20250731
2,95915,20250731
3,45634,20250731
4,95640,20250731
5,17576,20250731
6,55472,20250731
7,81182,20250731
8,21767,20250731
9,55451,20250731
10,49477,20250731
11,17282,20250731
12,33168,20250731
13,63648,20250731
14,97284,20250731
15,40604,20250731
16,67022,20250731
17,42759,20250731
0,27872,20250801
1,63610,20250801
2,73165,20250801
3,11289,20250801
4,26303,20250801
5,84952,20250801
6,58371,20250801
7,80099,20250801
8,59305,20250801
9,75764,20250801
10,57393,20250801
11,25824,20250801
12,31338,20250801
13,54245,20250801
14,69690,20250801
15,17726,20250801
16,12848,20250801
17,56906,20250801
0,78806,20250802
1,54525,20250802
2,22107,20250802
3,77392,20250802
4,59627,20250802
5,97396,20250802
6,89205,20250802
7,56232,20250802
8,14524,20250802
9,47348,20250802
10,88326,20250802
11,41186,20250802
12,86850,20250802
13,97242,20250802
14,34818,20250802
15,72984,20250802
16,71232,20250802
17,64227,20250802
0,94394,20250803
1,88607,20250803
2,79749,20250803
3,90167,20250803
4,37834,20250803
5,78615,20250803
6,31073,20250803
7,43308,20250803
8,98671,20250803
9,32361,20250803
10,26467,20250803
11,88789,20250803
12,16286,20250803
13,54922,20250803
14,44817,20250803
15,54070,20250803
16,56722,20250803
17,66508,20250803
0,92256,20250804
1,11931,20250804
2,30504,20250804
3,63391,20250804
4,39946,20250804
5,50785,20250804
6,17920,20250804
7,50448,20250804
8,86029,20250804
9,89469,20250804
10,47446,20250804
11,36193,20250804
12,60309,20250804
13,30882,20250804
14,53885,20250804
15,27197,20250804
16,99911,20250804
17,23350,20250804
0,11225,20250805
1,25088,20250805
2,74085,20250805
3,30807,20250805
4,67954,20250805
5,86722,20250805
6,70280,20250805
7,16220,20250805
8,59276,20250805
9,40995,20250805
10,59168,20250805
11,35553,20250805
12,24004,20250805
13,18902,20250805
14,53966,20250805
15,20819,20250805
16,41078,20250805
17,21301,20250805
0,59089,20250806
1,88969,20250806
2,19417,20250806
3,60850,20250806
4,58310,20250806
5,73224,20250806
6,25971,20250806
7,58520,20250806
8,69961,20250806
9,22652,20250806
10,41479,20250806
11,15837,20250806
12,84755,20250806
13,71844,20250806
14,76198,20250806
15,93201,20250806
16,44490,20250806
17,28066,20250806
0,69860,20250807
1,22914,20250807
2,37288,20250807
3,24905,20250807
4,52289,20250807
5,79508,20250807
6,58784,20250807
7,12265,20250807
8,83383,20250807
9,18106,20250807
10,72536,20250807
11,95836,20250807
12,97547,20250807
13,77671,20250807
14,73372,20250807
15,88516,20250807
16,15049,20250807
17,53605,20250807
0,29908,20250808
1,70268,20250808
2,57828,20250808
3,73514,20250808
4,34628,20250808
5,49333,20250808
6,12357,20250808
7,42419,20250808
8,58977,20250808
9,79353,20250808
10,42082,20250808
11,34618,20250808
12,27895,20250808
13,26385,20250808
14,78699,20250808
15,62926,20250808
16,95650,20250808
17,96212,20250808
0,36529,20250809
1,23849,20250809
2,87037,20250809
3,47854,20250809
4,19288,20250809
5,86238,20250809
6,71843,20250809
7,78233,20250809
8,91489,20250809
9,85109,20250809
10,97407,20250809
11,24260,20250809
12,22472,20250809
13,41820,20250809
14,69745,20250809
15,47148,20250809
16,11234,20250809
17,84045,20250809
0,20960,20250810
1,52912,20250810
2,12700,20250810
3,64790,20250810
4,76911,20250810
5,28911,20250810
6,40775,20250810
7,46444,20250810
8,42687,20250810
9,75437,20250810
10,46614,20250810
11,47614,20250810
12,79600,20250810
13,15258,20250810
14,96409,20250810
15,17267,20250810
16,66664,20250810
17,61379,20250810
0,81366,20250811
1,34557,20250811
2,21565,20250811
3,82988,20250811
4,79835,20250811
5,76057,20250811
6,62037,20250811
7,20191,20250811
8,94576,20250811
9,85508,20250811
10,41446,20250811
11,73689,20250811
12,71556,20250811
13,67298,20250811
14,21960,20250811
15,19500,20250811
16,98198,20250811
17,38122,20250811
0,80560,20250812
1,28837,20250812
2,40121,20250812
3,70696,20250812
4,50580,20250812
5,30609,20250812
6,35484,20250812
7,81936,20250812
8,29808,20250812
9,62538,20250812
10,12553,20250812
11,20749,20250812
12,13228,20250812
13,80829,20250812
14,21429,20250812
15,37062,20250812
16,19857,20250812
17,27511,20250812
0,52272,20250813
1,71216,20250813
2,68332,20250813
3,34299,20250813
4,68909,20250813
5,59071,20250813
6,70037,20250813
7,46768,20250813
8,71706,20250813
9,84158,20250813
10,31112,20250813
11,13099,20250813
12,71866,20250813
13,53700,20250813
14,48009,20250813
15,93543,20250813
16,27926,20250813
17,24832,20250813
0,40086,20250814
1,24168,20250814
2,26803,20250814
3,78334,20250814
4,21705,20250814
5,73814,20250814
6,10629,20250814
7,77215,20250814
8,49280,20250814
9,85158,20250814
10,64569,20250814
11,47381,20250814
12,68657,20250814
13,16795,20250814
14,74125,20250814
15,17035,20250814
16,44660,20250814
17,79064,20250814
0,15067,20250815
1,83588,20250815
2,76205,20250815
3,28255,20250815
4,90700,20250815
5,38042,20250815
6,70921,20250815
7,44329,20250815
8,20391,20250815
9,68235,20250815
10,37805,20250815
11,79306,20250815
12,73301,20250815
13,27232,20250815
14,57693,20250815
15,44556,20250815
16,12153,20250815
17,90588,20250815
0,88646,20250816
1,87230,20250816
2,68435,20250816
3,11849,20250816
4,62459,20250816
5,20288,20250816
6,19874,20250816
7,96842,20250816
8,62183,20250816
9,59478,20250816
10,75964,20250816
11,31476,20250816
12,61155,20250816
13,32648,20250816
14,79275,20250816
15,68326,20250816
16,28880,20250816
17,60878,20250816
0,21551,20250817
1,52537,20250817
2,19063,20250817
3,89700,20250817
4,82271,20250817
5,73029,20250817
6,76025,20250817
7,58984,20250817
8,68900,20250817
9,19201,20250817
10,92404,20250817
11,56573,20250817
12,28670,20250817
13,19716,20250817
14,10767,20250817
15,80229,20250817
16,40394,20250817
17,15744,20250817
0,76772,20250818
1,25676,20250818
2,25006,20250818
3,62404,20250818
4,95689,20250818
5,82407,20250818
6,70648,20250818
7,64155,20250818
8,97159,20250818
9,70980,20250818
10,42168,20250818
11,94599,20250818
12,94441,20250818
13,74537,20250818
14,48582,20250818
15,88621,20250818
16,59629,20250818
17,91977,20250818
0,55241,20250819
1,41109,20250819
2,52811,20250819
3,70191,20250819
4,71568,20250819
5,18424,20250819
6,62718,20250819
7,65267,20250819
8,40343,20250819
9,38805,20250819
10,78525,20250819
11,78152,20250819
12,46268,20250819
13,49399,20250819
14,27985,20250819
15,38102,20250819
16,97960,20250819
17,79958,20250819
0,61821,20250820
1,49442,20250820
2,43159,20250820
3,74814,20250820
4,89415,20250820
5,88224,20250820
6,13051,20250820
7,92142,20250820
8,24141,20250820
9,77842,20250820
10,70147,20250820
11,22035,20250820
12,80709,20250820
13,96590,20250820
14,47322,20250820
15,93651,20250820
16,75402,20250820
17,38964,20250820
0,16428,20250821
1,48479,20250821
2,10133,20250821
3,61496,20250821
4,44370,20250821
5,68424,20250821
6,12263,20250821
7,79372,20250821
8,65130,20250821
9,35260,20250821
10,76946,20250821
11,19760,20250821
12,91077,20250821
13,78064,20250821
14,23067,20250821
15,15649,20250821
16,52403,20250821
17,21584,20250821
0,26730,20250822
1,21356,20250822
2,44408,20250822
3,74956,20250822
4,35882,20250822
5,65167,20250822
6,96274,20250822
7,31916,20250822
8,47373,20250822
9,85680,20250822
10,24933,20250822
11,31957,20250822
12,90860,20250822
13,57970,20250822
14,23562,20250822
15,80433,20250822
16,21960,20250822
17,53709,20250822
0,25609,20250823
1,86985,20250823
2,73094,20250823
3,19515,20250823
4,37385,20250823
5,69349,20250823
6,37070,20250823
7,31695,20250823
8,71447,20250823
9,39623,20250823
10,86657,20250823
11,62546,20250823
12,51595,20250823
13,88884,20250823
14,90818,20250823
15,94069,20250823
16,23718,20250823
17,18184,20250823
0,47726,20250824
1,53801,20250824
2,30561,20250824
3,26689,20250824
4,69801,20250824
5,42760,20250824
6,79939,20250824
7,14284,20250824
8,35829,20250824
9,54688,20250824
10,26959,20250824
11,90982,20250824
12,19765,20250824
13,52079,20250824
14,32034,20250824
15,46532,20250824
16,29507,20250824
17,44037,20250824
0,80651,20250825
1,78545,20250825
2,83018,20250825
3,47728,20250825
4,13270,20250825
5,36407,20250825
6,32420,20250825
7,30556,20250825
8,44001,20250825
9,35123,20250825
10,24466,20250825
11,33516,20250825
12,38112,20250825
13,31670,20250825
14,86704,20250825
15,51432,20250825
16,96619,20250825
17,49137,20250825
0,27439,20250826
1,79172,20250826
2,85777,20250826
3,38419,20250826
4,88944,20250826
5,22028,20250826
6,83579,20250826
7,51234,20250826
8,69522,20250826
9,32672,20250826
10,94589,20250826
11,75816,20250826
12,29598,20250826
13,84550,20250826
14,49415,20250826
15,34254,20250826
16,91184,20250826
17,78587,20250826
0,15237,20250827
1,14896,20250827
2,21555,20250827
3,28986,20250827
4,69039,20250827
5,84809,20250827
6,92667,20250827
7,69531,20250827
8,56293,20250827
9,92997,20250827
10,93854,20250827
11,61191,20250827
12,30395,20250827
13,97531,20250827
14,21358,20250827
15,43412,20250827
16,31534,20250827
17,78801,20250827
0,52466,20250828
1,59519,20250828
2,76354,20250828
3,73693,20250828
4,48328,20250828
5,66512,20250828
6,47814,20250828
7,91799,20250828
8,51584,20250828
9,88745,20250828
10,71670,20250828
11,71246,20250828
12,39067,20250828
13,92622,20250828
14,54036,20250828
15,83917,20250828
16,72031,20250828
17,75982,20250828
0,85707,20250829
1,67421,20250829
2,18008,20250829
3,93053,20250829
4,72146,20250829
5,70941,20250829
6,94947,20250829
7,42568,20250829
8,53592,20250829
9,96718,20250829
10,33886,20250829
11,38656,20250829
12,70453,20250829
13,98171,20250829
14,66536,20250829
15,15107,20250829
16,36636,20250829
17,21534,20250829
0,62513,20250830
1,99340,20250830
2,45175,20250830
3,70618,20250830
4,68787,20250830
5,23189,20250830
6,23468,20250830
7,74458,20250830
8,63726,20250830
9,59628,20250830
10,61770,20250830
11,33330,20250830
12,26136,20250830
13,91695,20250830
14,42703,20250830
15,30880,20250830
16,80007,20250830
17,62405,20250830
0,34101,20250831
1,38971,20250831
2,97602,20250831
3,52783,20250831
4,61499,20250831
5,21382,20250831
6,19890,20250831
7,46357,20250831
8,33001,20250831
9,37666,20250831
10,99830,20250831
11,65053,20250831
12,36315,20250831
13,84757,20250831
14,86825,20250831
15,34395,20250831
16,35887,20250831
17,24724,20250831
0,67696,20250901
1,61844,20250901
2,43923,20250901
3,40474,20250901
4,99367,20250901
5,26114,20250901
6,90513,20250901
7,77285,20250901
8,60971,20250901
9,12782,20250901
10,22219,20250901
11,85588,20250901
12,90124,20250901
13,64430,20250901
14,94405,20250901
15,38773,20250901
16,49605,20250901
17,45381,20250901
0,32306,20250902
1,72473,20250902
2,35644,20250902
3,96574,20250902
4,18391,20250902
5,47991,20250902
6,27858,20250902
7,24807,20250902
8,40179,20250902
9,12442,20250902
10,80951,20250902
11,76870,20250902
12,52276,20250902
13,26329,20250902
14,90733,20250902
15,87782,20250902
16,80543,20250902
17,80868,20250902
0,58869,20250903
1,55908,20250903
2,45212,20250903
3,38706,20250903
4,72170,20250903
5,67668,20250903
6,15487,20250903
7,49943,20250903
8,63553,20250903
9,84258,20250903
10,56076,20250903
11,99283,20250903
12,26569,20250903
13,46651,20250903
14,62560,20250903
15,49615,20250903
16,46868,20250903
17,96357,20250903
0,91594,20250904
1,71120,20250904
2,64652,20250904
3,50443,20250904
4,50673,20250904
5,78153,20250904
6,17078,20250904
7,22866,20250904
8,20916,20250904
9,88899,20250904
10,28148,20250904
11,67979,20250904
12,33240,20250904
13,78846,20250904
14,76220,20250904
15,91443,20250904
16,79356,20250904
17,93268,20250904
0,40415,20250905
1,99961,20250905
2,50165,20250905
3,40006,20250905
4,18293,20250905
5,68525,20250905
6,75091,20250905
7,38856,20250905
8,59580,20250905
9,30787,20250905
10,25288,20250905
11,85086,20250905
12,52130,20250905
13,49832,20250905
14,34993,20250905
15,72670,20250905
16,49985,20250905
17,29049,20250905
0,34372,20250906
1,42034,20250906
2,44188,20250906
3,79793,20250906
4,97012,20250906
5,95541,20250906
6,36258,20250906
7,74527,20250906
8,10444,20250906
9,17052,20250906
10,98141,20250906
11,94196,20250906
12,62247,20250906
13,18606,20250906
14,87613,20250906
15,66504,20250906
16,32219,20250906
17,89722,20250906
0,41590,20250907
1,72944,20250907
2,27780,20250907
3,27470,20250907
4,74822,20250907
5,45021,20250907
6,97352,20250907
7,77925,20250907
8,53757,20250907
9,24166,20250907
10,81631,20250907
11,56093,20250907
12,45428,20250907
13,62661,20250907
14,21251,20250907
15,33006,20250907
16,31161,20250907
17,32415,20250907
0,59479,20250908
1,32478,20250908
2,29696,20250908
3,54230,20250908
4,70004,20250908
5,90094,20250908
6,90475,20250908
7,12855,20250908
8,74185,20250908
9,12642,20250908
10,92683,20250908
11,12014,20250908
12,82185,20250908
13,99659,20250908
14,23292,20250908
15,75089,20250908
16,47430,20250908
17,11711,20250908
0,47863,20250909
1,29255,20250909
2,35735,20250909
3,33315,20250909
4,79897,20250909
5,83730,20250909
6,62350,20250909
7,63059,20250909
8,36129,20250909
9,25872,20250909
10,31934,20250909
11,70330,20250909
12,74627,20250909
13,66238,20250909
14,77310,20250909
15,82608,20250909
16,44047,20250909
17,45093,20250909
0,77825,20250910
1,21990,20250910
2,66223,20250910
3,54826,20250910
4,56910,20250910
5,95182,20250910
6,59953,20250910
7,11607,20250910
8,15806,20250910
9,26188,20250910
10,76526,20250910
11,56572,20250910
12,74029,20250910
13,49590,20250910
14,39753,20250910
15,20250,20250910
16,24192,20250910
17,82682,20250910
0,45459,20250911
1,80719,20250911
2,51651,20250911
3,52390,20250911
4,65613,20250911
5,94740,20250911
6,65105,20250911
7,51594,20250911
8,61105,20250911
9,30247,20250911
10,66468,20250911
11,85221,20250911
12,43587,20250911
13,53059,20250911
14,72776,20250911
15,17174,20250911
16,53578,20250911
17,46231,20250911
0,97432,20250912
1,10615,20250912
2,41303,20250912
3,42489,20250912
4,12796,20250912
5,61467,20250912
6,69260,20250912
7,92042,20250912
8,54070,20250912
9,40789,20250912
10,86802,20250912
11,99206,20250912
12,32394,20250912
13,10050,20250912
14,36019,20250912
15,23236,20250912
16,70319,20250912
17,91405,20250912
0,19229,20250913
1,67010,20250913
2,73310,20250913
3,36807,20250913
4,14640,20250913
5,71156,20250913
6,60469,20250913
7,76916,20250913
8,33177,20250913
9,28548,20250913
10,11060,20250913
11,28730,20250913
12,25903,20250913
13,23689,20250913
14,93293,20250913
15,16476,20250913
16,39766,20250913
17,58611,20250913
0,72731,20250914
1,86182,20250914
2,61253,20250914
3,26299,20250914
4,30705,20250914
5,85075,20250914
6,95144,20250914
7,36753,20250914
8,23171,20250914
9,70730,20250914
10,17630,20250914
11,77823,20250914
12,22783,20250914
13,35887,20250914
14,60612,20250914
15,68030,20250914
16,98627,20250914
17,31620,20250914
0,70163,20250915
1,40419,20250915
2,36757,20250915
3,11107,20250915
4,58963,20250915
5,39636,20250915
6,26206,20250915
7,32448,20250915
8,68211,20250915
9,62335,20250915
10,19376,20250915
11,67020,20250915
12,34212,20250915
13,75984,20250915
14,56646,20250915
15,74977,20250915
16,92808,20250915
17,79284,20250915
0,64596,20250916
1,68146,20250916
2,72981,20250916
3,67769,20250916
4,60411,20250916
5,85527,20250916
6,50052,20250916
7,73719,20250916
8,29998,20250916
9,76240,20250916
10,95768,20250916
11,42987,20250916
12,12420,20250916
13,72995,20250916
14,85491,20250916
15,61100,20250916
16,48690,20250916
17,54145,20250916
0,28708,20250917
1,29008,20250917
2,77229,20250917
3,17395,20250917
4,12090,20250917
5,49180,20250917
6,84714,20250917
7,11236,20250917
8,23209,20250917
9,74991,20250917
10,11890,20250917
11,38284,20250917
12,94981,20250917
13,67823,20250917
14,96587,20250917
15,32830,20250917
16,28147,20250917
17,22330,20250917
0,78146,20250918
1,91573,20250918
2,59846,20250918
3,10684,20250918
4,41192,20250918
5,35848,20250918
6,84676,20250918
7,41489,20250918
8,24206,20250918
9,80498,20250918
10,18792,20250918
11,70455,20250918
12,38236,20250918
13,32532,20250918
14,46842,20250918
15,49839,20250918
16,47359,20250918
17,94501,20250918
0,10537,20250919
1,14197,20250919
2,56067,20250919
3,36357,20250919
4,26503,20250919
5,56410,20250919
6,72052,20250919
7,89830,20250919
8,32020,20250919
9,71487,20250919
10,80528,20250919
11,49544,20250919
12,74546,20250919
13,26722,20250919
14,16019,20250919
15,54303,20250919
16,28394,20250919
17,88096,20250919
0,46546,20250920
1,57658,20250920
2,69093,20250920
3,24067,20250920
4,63738,20250920
5,87245,20250920
6,68106,20250920
7,63789,20250920
8,83646,20250920
9,70382,20250920
10,54946,20250920
11,73052,20250920
12,54743,20250920
13,68443,20250920
14,50749,20250920
15,98377,20250920
16,36898,20250920
17,99273,20250920
0,26236,20250921
1,94971,20250921
2,59133,20250921
3,69750,20250921
4,17227,20250921
5,22883,20250921
6,12081,20250921
7,11455,20250921
8,93228,20250921
9,59424,20250921
10,39676,20250921
11,64704,20250921
12,90271,20250921
13,34057,20250921
14,35830,20250921
15,88770,20250921
16,10653,20250921
17,53381,20250921
0,56376,20250922
1,72016,20250922
2,18452,20250922
3,89738,20250922
4,98055,20250922
5,30675,20250922
6,15178,20250922
7,70586,20250922
8,60736,20250922
9,71721,20250922
10,13751,20250922
11,28275,20250922
12,60726,20250922
13,75299,20250922
14,18762,20250922
15,66059,20250922
16,65578,20250922
17,46734,20250922
0,41332,20250923
1,74814,20250923
2,89977,20250923
3,44649,20250923
4,62229,20250923
5,52140,20250923
6,59228,20250923
7,27170,20250923
8,77866,20250923
9,51391,20250923
10,60250,20250923
11,34766,20250923
12,92083,20250923
13,92252,20250923
14,43578,20250923
15,95832,20250923
16,88824,20250923
17,90825,20250923
0,20186,20250924
1,25355,20250924
2,53529,20250924
3,34049,20250924
4,52522,20250924
5,23385,20250924
6,45270,20250924
7,11146,20250924
8,83174,20250924
9,34516,20250924
10,70436,20250924
11,99088,20250924
12,41577,20250924
13,93976,20250924
14,18477,20250924
15,75019,20250924
16,42796,20250924
17,79986,20250924
0,30433,20250925
1,16440,20250925
2,96186,20250925
3,79917,20250925
4,60524,20250925
5,19732,20250925
6,98951,20250925
7,34911,20250925
8,96156,20250925
9,89884,20250925
10,94653,20250925
11,23722,20250925
12,81195,20250925
13,62439,20250925
14,76482,20250925
15,71749,20250925
16,71696,20250925
17,69679,20250925
0,11279,20250926
1,69715,20250926
2,86251,20250926
3,94293,20250926
4,53982,20250926
5,84100,20250926
6,74875,20250926
7,41678,20250926
8,92013,20250926
9,59709,20250926
10,52076,20250926
11,70305,20250926
12,47870,20250926
13,92246,20250926
14,12078,20250926
15,25903,20250926
16,90869,20250926
17,82403,20250926
0,91131,20250927
1,35621,20250927
2,98853,20250927
3,70898,20250927
4,13979,20250927
5,19344,20250927
6,21239,20250927
7,64017,20250927
8,17552,20250927
9,72047,20250927
10,66642,20250927
11,14020,20250927
12,92269,20250927
13,13385,20250927
14,79978,20250927
15,14827,20250927
16,18189,20250927
17,15558,20250927
0,33971,20250928
1,99118,20250928
2,97997,20250928
3,11501,20250928
4,21821,20250928
5,33544,20250928
6,32165,20250928
7,19934,20250928
8,47131,20250928
9,52044,20250928
10,10375,20250928
11,12388,20250928
12,40205,20250928
13,23416,20250928
14,55411,20250928
15,71250,20250928
16,68416,20250928
17,29630,20250928
0,46445,20250929
1,24561,20250929
2,71303,20250929
3,35574,20250929
4,13424,20250929
5,14435,20250929
6,93349,20250929
7,47732,20250929
8,29228,20250929
9,92071,20250929
10,40659,20250929
11,26553,20250929
12,48480,20250929
13,37021,20250929
14,42760,20250929
15,78619,20250929
16,77182,20250929
17,98840,20250929
0,31684,20250930
1,45085,20250930
2,99570,20250930
3,81931,20250930
4,56943,20250930
5,10165,20250930
6,95577,20250930
7,51714,20250930
8,34376,20250930
9,58293,20250930
10,62578,20250930
11,74556,20250930
12,26981,20250930
13,68905,20250930
14,65455,20250930
15,81982,20250930
16,82246,20250930
17,14473,20250930
0,19177,20251001
1,33936,20251001
2,41633,20251001
3,98066,20251001
4,67292,20251001
5,15597,20251001
6,24004,20251001
7,44172,20251001
8,18256,20251001
9,79428,20251001
10,42133,20251001
11,86414,20251001
12,39187,20251001
13,23880,20251001
14,78663,20251001
15,30690,20251001
16,52268,20251001
17,52568,20251001
0,95625,20251002
1,19749,20251002
2,93992,20251002
3,24904,20251002
4,44504,20251002
5,67091,20251002
6,12943,20251002
7,65238,20251002
8,10024,20251002
9,96898,20251002
10,77152,20251002
11,55179,20251002
12,75780,20251002
13,43976,20251002
14,60622,20251002
15,67215,20251002
16,66782,20251002
17,83519,20251002
0,15159,20251003
1,72608,20251003
2,86716,20251003
3,84854,20251003
4,93004,20251003
5,90496,20251003
6,58777,20251003
7,47240,20251003
8,48763,20251003
9,59352,20251003
10,90355,20251003
11,10400,20251003
12,89782,20251003
13,14389,20251003
14,85841,20251003
15,97285,20251003
16,36407,20251003
17,21647,20251003
0,18080,20251004
1,53375,20251004
2,38703,20251004
3,90107,20251004
4,35452,20251004
5,65395,20251004
6,25507,20251004
7,96936,20251004
8,36472,20251004
9,86013,20251004
10,55065,20251004
11,21947,20251004
12,40734,20251004
13,80719,20251004
14,83085,20251004
15,36456,20251004
16,89831,20251004
17,91722,20251004
0,99025,20251005
1,87827,20251005
2,34113,20251005
3,17508,20251005
4,59330,20251005
5,21605,20251005
6,91115,20251005
7,11378,20251005
8,85855,20251005
9,65142,20251005
10,95234,20251005
11,68406,20251005
12,19918,20251005
13,43541,20251005
14,15504,20251005
15,28415,20251005
16,68793,20251005
17,40683,20251005
0,93472,20251006
1,49235,20251006
2,64889,20251006
3,28015,20251006
4,15450,20251006
5,62023,20251006
6,22663,20251006
7,20838,20251006
8,87021,20251006
9,26370,20251006
10,87605,20251006
11,60971,20251006
12,69938,20251006
13,27938,20251006
14,68465,20251006
15,16672,20251006
16,60100,20251006
17,17019,20251006
0,82226,20251007
1,49137,20251007
2,16925,20251007
3,16355,20251007
4,17646,20251007
5,53697,20251007
6,91044,20251007
7,38958,20251007
8,66243,20251007
9,55245,20251007
10,78235,20251007
11,46113,20251007
12,19736,20251007
13,56944,20251007
14,72066,20251007
15,18748,20251007
16,90598,20251007
17,51464,20251007
0,73483,20251008
1,87275,20251008
2,38403,20251008
3,11827,20251008
4,16682,20251008
5,98065,20251008
6,29162,20251008
7,35084,20251008
8,51007,20251008
9,99398,20251008
10,43287,20251008
11,20419,20251008
12,60151,20251008
13,51893,20251008
14,93839,20251008
15,45873,20251008
16,35524,20251008
17,16676,20251008
0,94384,20251009
1,49643,20251009
2,25076,20251009
3,32207,20251009
4,93129,20251009
5,28029,20251009
6,23637,20251009
7,41618,20251009
8,25062,20251009
9,72795,20251009
10,32530,20251009
11,48551,20251009
12,62766,20251009
13,66466,20251009
14,79226,20251009
15,46891,20251009
16,28887,20251009
17,27663,20251009
0,16187,20251010
1,86841,20251010
2,82903,20251010
3,66117,20251010
4,27667,20251010
5,34891,20251010
6,56246,20251010
7,45447,20251010
8,74967,20251010
9,99636,20251010
10,70957,20251010
11,90178,20251010
12,85403,20251010
13,99793,20251010
14,36686,20251010
15,47316,20251010
16,60279,20251010
17,39486,20251010
0,21653,20251011
1,64526,20251011
2,99059,20251011
3,40787,20251011
4,39440,20251011
5,71037,20251011
6,87567,20251011
7,66003,20251011
8,44641,20251011
9,24195,20251011
10,13208,20251011
11,19546,20251011
12,24115,20251011
13,22167,20251011
14,85676,20251011
15,73875,20251011
16,54875,20251011
17,19963,20251011
0,26875,20251012
1,55073,20251012
2,70924,20251012
3,95222,20251012
4,53822,20251012
5,34808,20251012
6,78747,20251012
7,61498,20251012
8,25221,20251012
9,68498,20251012
10,91799,20251012
11,63464,20251012
12,81433,20251012
13,16970,20251012
14,37621,20251012
15,21483,20251012
16,94806,20251012
17,86987,20251012
0,41322,20251013
1,44397,20251013
2,39162,20251013
3,76123,20251013
4,94769,20251013
5,62034,20251013
6,70858,20251013
7,37165,20251013
8,57667,20251013
9,80463,20251013
10,46931,20251013
11,76854,20251013
12,87729,20251013
13,47205,20251013
14,16856,20251013
15,64794,20251013
16,74945,20251013
17,44130,20251013
0,25464,20251014
1,92861,20251014
2,80891,20251014
3,60034,20251014
4,69117,20251014
5,40539,20251014
6,12843,20251014
7,30922,20251014
8,14358,20251014
9,36454,20251014
10,28951,20251014
11,88957,20251014
12,71447,20251014
13,16081,20251014
14,53208,20251014
15,39039,20251014
16,67788,20251014
17,26879,20251014
0,37123,20251015
1,64055,20251015
2,57784,20251015
3,85048,20251015
4,97428,20251015
5,59228,20251015
6,64619,20251015
7,65514,20251015
8,62442,20251015
9,34734,20251015
10,93805,20251015
11,38809,20251015
12,63788,20251015
13,59698,20251015
14,80927,20251015
15,52916,20251015
16,36191,20251015
17,54533,20251015
0,50639,20251016
1,11231,20251016
2,50522,20251016
3,22594,20251016
4,75063,20251016
5,95624,20251016
6,81677,20251016
7,17272,20251016
8,64199,20251016
9,47610,20251016
10,14011,20251016
11,95969,20251016
12,25745,20251016
13,14157,20251016
14,92929,20251016
15,92240,20251016
16,63417,20251016
17,36567,20251016
0,61028,20251017
1,59184,20251017
2,40828,20251017
3,79740,20251017
4,79090,20251017
5,28804,20251017
6,51154,20251017
7,89720,20251017
8,20508,20251017
9,92526,20251017
10,67657,20251017
11,57012,20251017
12,57827,20251017
13,37080,20251017
14,90762,20251017
15,11741,20251017
16,21509,20251017
17,82918,20251017
0,45784,20251018
1,26982,20251018
2,83606,20251018
3,80394,20251018
4,91000,20251018
5,40662,20251018
6,72173,20251018
7,40327,20251018
8,38972,20251018
9,43531,20251018
10,56373,20251018
11,57639,20251018
12,83046,20251018
13,98451,20251018
14,54597,20251018
15,34611,20251018
16,93021,20251018
17,27714,20251018
0,20462,20251019
1,78946,20251019
2,17208,20251019
3,34472,20251019
4,23414,20251019
5,66366,20251019
6,94149,20251019
7,19252,20251019
8,99401,20251019
9,26038,20251019
10,32250,20251019
11,59391,20251019
12,99764,20251019
13,59276,20251019
14,21437,20251019
15,25817,20251019
16,70003,20251019
17,95287,20251019
0,74061,20251020
1,58405,20251020
2,92787,20251020
3,74421,20251020
4,57395,20251020
5,39683,20251020
6,67470,20251020
7,14920,20251020
8,20401,20251020
9,57577,20251020
10,46230,20251020
11,40026,20251020
12,53937,20251020
13,20093,20251020
14,33146,20251020
15,15620,20251020
16,75029,20251020
17,50616,20251020
0,60053,20251021
1,58223,20251021
2,51792,20251021
3,57170,20251021
4,86045,20251021
5,89467,20251021
6,24678,20251021
7,14437,20251021
8,35013,20251021
9,31085,20251021
10,92975,20251021
11,41938,20251021
12,66565,20251021
13,73592,20251021
14,19209,20251021
15,55071,20251021
16,26563,20251021
17,51252,20251021
0,59252,20251022
1,48246,20251022
2,59901,20251022
3,63177,20251022
4,11943,20251022
5,41815,20251022
6,73542,20251022
7,33470,20251022
8,80652,20251022
9,48481,20251022
10,80191,20251022
11,64059,20251022
12,93324,20251022
13,93017,20251022
14,82343,20251022
15,59778,20251022
16,79623,20251022
17,12532,20251022
0,26297,20251023
1,33247,20251023
2,83756,20251023
3,45192,20251023
4,52255,20251023
5,96344,20251023
6,45617,20251023
7,23628,20251023
8,42542,20251023
9,79551,20251023
10,39049,20251023
11,69363,20251023
12,13740,20251023
13,15049,20251023
14,19450,20251023
15,40403,20251023
16,93503,20251023
17,57256,20251023
0,52213,20251024
1,14781,20251024
2,19654,20251024
3,88796,20251024
4,13575,20251024
5,42147,20251024
6,26427,20251024
7,68845,20251024
8,89789,20251024
9,90289,20251024
10,23983,20251024
11,11568,20251024
12,14392,20251024
13,97239,20251024
14,46993,20251024
15,41744,20251024
16,38811,20251024
17,47371,20251024
0,52027,20251025
1,31821,20251025
2,88141,20251025
3,31916,20251025
4,10402,20251025
5,99526,20251025
6,22405,20251025
7,25530,20251025
8,48918,20251025
9,97417,20251025
10,51752,20251025
11,20547,20251025
12,71773,20251025
13,22842,20251025
14,72629,20251025
15,56639,20251025
16,47756,20251025
17,77971,20251025
0,25682,20251026
1,67714,20251026
2,16910,20251026
3,47039,20251026
4,95174,20251026
5,23586,20251026
6,66878,20251026
7,84524,20251026
8,12383,20251026
9,12697,20251026
10,73369,20251026
11,82983,20251026
12,19504,20251026
13,80607,20251026
14,82449,20251026
15,23909,20251026
16,79227,20251026
17,49078,20251026
0,18329,20251027
1,34763,20251027
2,65043,20251027
3,71060,20251027
4,33878,20251027
5,57180,20251027
6,13973,20251027
7,66279,20251027
8,13930,20251027
9,72917,20251027
10,44563,20251027
11,59386,20251027
12,33747,20251027
13,37278,20251027
14,34569,20251027
15,66455,20251027
16,96651,20251027
17,72464,20251027
0,38222,20251028
1,33164,20251028
2,67103,20251028
3,21886,20251028
4,25642,20251028
5,12690,20251028
6,17265,20251028
7,71445,20251028
8,16718,20251028
9,79006,20251028
10,62537,20251028
11,65476,20251028
12,99016,20251028
13,39872,20251028
14,58665,20251028
15,63344,20251028
16,53223,20251028
17,76340,20251028
0,20997,20251029
1,20657,20251029
2,72177,20251029
3,13886,20251029
4,36750,20251029
5,40518,20251029
6,40633,20251029
7,50998,20251029
8,37619,20251029
9,22329,20251029
10,95366,20251029
11,64926,20251029
12,53266,20251029
13,96157,20251029
14,15901,20251029
15,75929,20251029
16,51401,20251029
17,15885,20251029
0,58247,20251030
1,18141,20251030
2,11860,20251030
3,25512,20251030
4,87691,20251030
5,21816,20251030
6,63598,20251030
7,90359,20251030
8,17664,20251030
9,33678,20251030
10,92922,20251030
11,92002,20251030
12,82151,20251030
13,29887,20251030
14,94048,20251030
15,63872,20251030
16,83635,20251030
17,78045,20251030
0,50080,20251031
1,61083,20251031
2,84366,20251031
3,34661,20251031
4,17490,20251031
5,65573,20251031
6,78774,20251031
7,52732,20251031
8,50632,20251031
9,68192,20251031
10,82233,20251031
11,95868,20251031
12,50024,20251031
13,55273,20251031
14,20649,20251031
15,71358,20251031
16,81451,20251031
17,96458,20251031
0,67251,20251101
1,41444,20251101
2,54888,20251101
3,30909,20251101
4,81263,20251101
5,31286,20251101
6,64683,20251101
7,29322,20251101
8,36286,20251101
9,57261,20251101
10,90620,20251101
11,91755,20251101
12,51081,20251101
13,16551,20251101
14,60464,20251101
15,21972,20251101
16,24789,20251101
17,26377,20251101
0,67660,20251102
1,10469,20251102
2,86765,20251102
3,91220,20251102
4,28564,20251102
5,48648,20251102
6,84610,20251102
7,21074,20251102
8,33701,20251102
9,69545,20251102
10,22704,20251102
11,12278,20251102
12,65132,20251102
13,42367,20251102
14,91083,20251102
15,98307,20251102
16,43894,20251102
17,49340,20251102
0,52548,20251103
1,74116,20251103
2,82259,20251103
3,60396,20251103
4,66986,20251103
5,43476,20251103
6,23775,20251103
7,30076,20251103
8,54520,20251103
9,75252,20251103
10,14453,20251103
11,24296,20251103
12,95063,20251103
13,43131,20251103
14,17465,20251103
15,81872,20251103
16,97173,20251103
17,64065,20251103
0,85387,20251104
1,47726,20251104
2,59034,20251104
3,59957,20251104
4,62199,20251104
5,45010,20251104
6,82956,20251104
7,27381,20251104
8,39711,20251104
9,35309,20251104
10,11880,20251104
11,16473,20251104
12,12174,20251104
13,97905,20251104
14,10757,20251104
15,35895,20251104
16,37188,20251104
17,38936,20251104
0,83731,20251105
1,93739,20251105
2,22982,20251105
3,70596,20251105
4,23485,20251105
5,87823,20251105
6,58985,20251105
7,48970,20251105
8,33055,20251105
9,73110,20251105
10,15187,20251105
11,14374,20251105
12,94028,20251105
13,94468,20251105
14,84574,20251105
15,78836,20251105
16,78263,20251105
17,85217,20251105
0,57105,20251106
1,74598,20251106
2,78830,20251106
3,22584,20251106
4,23864,20251106
5,29411,20251106
6,79849,20251106
7,55696,20251106
8,54148,20251106
9,94073,20251106
10,70941,20251106
11,65913,20251106
12,96632,20251106
13,19476,20251106
14,28908,20251106
15,53778,20251106
16,84048,20251106
17,34631,20251106
0,75478,20251107
1,10100,20251107
2,41846,20251107
3,94700,20251107
4,52804,20251107
5,84721,20251107
6,71566,20251107
7,16436,20251107
8,36515,20251107
9,66709,20251107
10,79237,20251107
11,45637,20251107
12,77661,20251107
13,90459,20251107
14,40464,20251107
15,11344,20251107
16,94420,20251107
17,22619,20251107
0,77610,20251108
1,15740,20251108
2,80396,20251108
3,20514,20251108
4,75710,20251108
5,46367,20251108
6,17009,20251108
7,97916,20251108
8,78573,20251108
9,86975,20251108
10,77494,20251108
11,48344,20251108
12,93389,20251108
13,76367,20251108
14,50560,20251108
15,47201,20251108
16,89353,20251108
17,79543,20251108
0,54469,20251109
1,25989,20251109
2,49444,20251109
3,46910,20251109
4,27815,20251109
5,80671,20251109
6,45979,20251109
7,38455,20251109
8,26707,20251109
9,33046,20251109
10,58237,20251109
11,58538,20251109
12,90623,20251109
13,41150,20251109
14,94632,20251109
15,37740,20251109
16,75519,20251109
17,37424,20251109
0,39415,20251110
1,71750,20251110
2,30879,20251110
3,78481,20251110
4,79571,20251110
5,35563,20251110
6,88963,20251110
7,84154,20251110
8,99072,20251110
9,51524,20251110
10,21319,20251110
11,47916,20251110
12,55807,20251110
13,77249,20251110
14,59626,20251110
15,78694,20251110
16,39336,20251110
17,73782,20251110
0,95101,20251111
1,48246,20251111
2,68665,20251111
3,45742,20251111
4,39361,20251111
5,56839,20251111
6,96555,20251111
7,74321,20251111
8,15890,20251111
9,25282,20251111
10,77879,20251111
11,51614,20251111
12,19265,20251111
13,10697,20251111
14,88209,20251111
15,80629,20251111
16,31170,20251111
17,22767,20251111
0,73294,20251112
1,63859,20251112
2,68916,20251112
3,54062,20251112
4,41271,20251112
5,36788,20251112
6,90951,20251112
7,16949,20251112
8,27507,20251112
9,11207,20251112
10,40808,20251112
11,14385,20251112
12,16258,20251112
13,90391,20251112
14,64421,20251112
15,48191,20251112
16,59604,20251112
17,27752,20251112
0,89567,20251113
1,84224,20251113
2,32364,20251113
3,49240,20251113
4,62371,20251113
5,61577,20251113
6,79754,20251113
7,79398,20251113
8,35656,20251113
9,44875,20251113
10,53535,20251113
11,37814,20251113
12,76069,20251113
13,59571,20251113
14,67924,20251113
15,83345,20251113
16,54741,20251113
17,75705,20251113
0,85813,20251114
1,28978,20251114
2,86714,20251114
3,19562,20251114
4,90474,20251114
5,19345,20251114
6,70726,20251114
7,59845,20251114
8,36991,20251114
9,65088,20251114
10,72721,20251114
11,55945,20251114
12,45775,20251114
13,68982,20251114
14,90063,20251114
15,83151,20251114
16,48799,20251114
17,94195,20251114
0,19272,20251115
1,96636,20251115
2,24204,20251115
3,11019,20251115
4,92711,20251115
5,14621,20251115
6,20937,20251115
7,85173,20251115
8,75801,20251115
9,43926,20251115
10,17492,20251115
11,20542,20251115
12,58258,20251115
13,80064,20251115
14,58908,20251115
15,70346,20251115
16,70191,20251115
17,64672,20251115
0,71891,20251116
1,67290,20251116
2,84391,20251116
3,93560,20251116
4,56395,20251116
5,72026,20251116
6,32278,20251116
7,97459,20251116
8,64057,20251116
9,86637,20251116
10,99480,20251116
11,94783,20251116
12,12656,20251116
13,11318,20251116
14,20539,20251116
15,76366,20251116
16,84037,20251116
17,36400,20251116
0,67346,20251117
1,28865,20251117
2,21968,20251117
3,73271,20251117
4,70909,20251117
5,68562,20251117
6,41078,20251117
7,20940,20251117
8,66024,20251117
9,37183,20251117
10,44231,20251117
11,39684,20251117
12,35553,20251117
13,94736,20251117
14,59689,20251117
15,79626,20251117
16,78443,20251117
17,59996,20251117
0,11966,20251118
1,37753,20251118
2,15709,20251118
3,11290,20251118
4,40587,20251118
5,68995,20251118
6,89891,20251118
7,39236,20251118
8,89097,20251118
9,93369,20251118
10,99166,20251118
11,58787,20251118
12,50251,20251118
13,81221,20251118
14,58776,20251118
15,37665,20251118
16,96150,20251118
17,54950,20251118
0,58067,20251119
1,32509,20251119
2,70362,20251119
3,22883,20251119
4,32191,20251119
5,79151,20251119
6,65234,20251119
7,37283,20251119
8,30751,20251119
9,34127,20251119
10,68134,20251119
11,23007,20251119
12,31631,20251119
13,65371,20251119
14,57240,20251119
15,92286,20251119
16,85651,20251119
17,18484,20251119
0,52143,20251120
1,31875,20251120
2,82464,20251120
3,38736,20251120
4,84701,20251120
5,67503,20251120
6,52692,20251120
7,82917,20251120
8,70091,20251120
9,76692,20251120
10,58915,20251120
11,69109,20251120
12,45839,20251120
13,70624,20251120
14,11052,20251120
15,59095,20251120
16,28833,20251120
17,65474,20251120
0,23896,20251121
1,73695,20251121
2,68604,20251121
3,32866,20251121
4,20228,20251121
5,86008,20251121
6,45884,20251121
7,82557,20251121
8,32855,20251121
9,19386,20251121
10,50360,20251121
11,81192,20251121
12,82711,20251121
13,90491,20251121
14,99946,20251121
15,89369,20251121
16,91386,20251121
17,15294,20251121
0,47987,20251122
1,74387,20251122
2,31554,20251122
3,26393,20251122
4,54988,20251122
5,90358,20251122
6,87215,20251122
7,72094,20251122
8,75717,20251122
9,72611,20251122
10,51535,20251122
11,93646,20251122
12,54077,20251122
13,16563,20251122
14,36607,20251122
15,26892,20251122
16,78609,20251122
17,67221,20251122
0,17507,20251123
1,59978,20251123
2,98958,20251123
3,49454,20251123
4,16552,20251123
5,69157,20251123
6,14944,20251123
7,16849,20251123
8,38154,20251123
9,65905,20251123
10,95240,20251123
11,13093,20251123
12,23969,20251123
13,25008,20251123
14,26474,20251123
15,65196,20251123
16,32949,20251123
17,13450,20251123
0,39731,20251124
1,55144,20251124
2,77022,20251124
3,23022,20251124
4,25316,20251124
5,58918,20251124
6,81705,20251124
7,52009,20251124
8,49240,20251124
9,14070,20251124
10,77437,20251124
11,30259,20251124
12,49241,20251124
13,10114,20251124
14,33048,20251124
15,39231,20251124
16,72804,20251124
17,49038,20251124
0,41339,20251125
1,98757,20251125
2,70685,20251125
3,73572,20251125
4,81990,20251125
5,66280,20251125
6,73409,20251125
7,66804,20251125
8,76347,20251125
9,52828,20251125
10,99539,20251125
11,79814,20251125
12,19791,20251125
13,27979,20251125
14,66871,20251125
15,20046,20251125
16,64771,20251125
17,15418,20251125
0,55669,20251126
1,51472,20251126
2,47023,20251126
3,74125,20251126
4,53387,20251126
5,96932,20251126
6,50293,20251126
7,83531,20251126
8,86521,20251126
9,97710,20251126
10,79059,20251126
11,15980,20251126
12,45697,20251126
13,13025,20251126
14,95973,20251126
15,14666,20251126
16,46703,20251126
17,23958,20251126
0,53462,20251127
1,63764,20251127
2,39775,20251127
3,99452,20251127
4,69649,20251127
5,47895,20251127
6,24149,20251127
7,89380,20251127
8,12895,20251127
9,24094,20251127
10,35897,20251127
11,61627,20251127
12,89466,20251127
13,83635,20251127
14,93107,20251127
15,98870,20251127
16,52085,20251127
17,22703,20251127
0,81884,20251128
1,56098,20251128
2,80497,20251128
3,40419,20251128
4,86826,20251128
5,95544,20251128
6,87583,20251128
7,14331,20251128
8,28496,20251128
9,86856,20251128
10,88638,20251128
11,36090,20251128
12,51738,20251128
13,77207,20251128
14,12206,20251128
15,13818,20251128
16,79588,20251128
17,20544,20251128
0,33087,20251129
1,74340,20251129
2,50393,20251129
3,32563,20251129
4,80591,20251129
5,90904,20251129
6,67053,20251129
7,62828,20251129
8,37168,20251129
9,24252,20251129
10,33109,20251129
11,32894,20251129
12,69954,20251129
13,97773,20251129
14,40447,20251129
15,59916,20251129
16,51604,20251129
17,12069,20251129
0,29106,20251130
1,10917,20251130
2,19144,20251130
3,34594,20251130
4,14782,20251130
5,52597,20251130
6,88444,20251130
7,32582,20251130
8,24435,20251130
9,38290,20251130
10,55983,20251130
11,76837,20251130
12,38670,20251130
13,88972,20251130
14,38291,20251130
15,24292,20251130
16,76791,20251130
17,59362,20251130
0,65188,20251201
1,32322,20251201
2,50189,20251201
3,96038,20251201
4,11493,20251201
5,90133,20251201
6,53527,20251201
7,13668,20251201
8,19114,20251201
9,68196,20251201
10,20302,20251201
11,38236,20251201
12,37665,20251201
13,87869,20251201
14,33291,20251201
15,97110,20251201
16,68216,20251201
17,97558,20251201
0,51600,20251202
1,73894,20251202
2,48374,20251202
3,24673,20251202
4,54629,20251202
5,43386,20251202
6,55263,20251202
7,34200,20251202
8,38328,20251202
9,14396,20251202
10,63283,20251202
11,93978,20251202
12,47224,20251202
13,90991,20251202
14,83184,20251202
15,79887,20251202
16,59137,20251202
17,98432,20251202
0,62985,20251203
1,86938,20251203
2,26729,20251203
3,53852,20251203
4,76821,20251203
5,50766,20251203
6,16924,20251203
7,18901,20251203
8,20526,20251203
9,46657,20251203
10,23132,20251203
11,53211,20251203
12,72307,20251203
13,49796,20251203
14,17830,20251203
15,13458,20251203
16,56294,20251203
17,80788,20251203
0,90659,20251204
1,62022,20251204
2,44467,20251204
3,48591,20251204
4,83585,20251204
5,33794,20251204
6,87538,20251204
7,35504,20251204
8,68569,20251204
9,24685,20251204
10,70416,20251204
11,48243,20251204
12,81583,20251204
13,18533,20251204
14,83785,20251204
15,74077,20251204
16,94711,20251204
17,57431,20251204
0,89582,20251205
1,29107,20251205
2,55073,20251205
3,22054,20251205
4,39157,20251205
5,24420,20251205
6,28115,20251205
7,57423,20251205
8,63241,20251205
9,27070,20251205
10,54722,20251205
11,84179,20251205
12,20495,20251205
13,40319,20251205
14,49133,20251205
15,14597,20251205
16,61664,20251205
17,15652,20251205
0,39320,20251206
1,78075,20251206
2,40048,20251206
3,99016,20251206
4,89636,20251206
5,38504,20251206
6,92080,20251206
7,26701,20251206
8,26984,20251206
9,16327,20251206
10,92847,20251206
11,37050,20251206
12,28950,20251206
13,34675,20251206
14,76482,20251206
15,40845,20251206
16,39887,20251206
17,93293,20251206
0,86191,20251207
1,97218,20251207
2,58535,20251207
3,42803,20251207
4,32051,20251207
5,46555,20251207
6,20201,20251207
7,48268,20251207
8,61758,20251207
9,55087,20251207
10,85802,20251207
11,40960,20251207
12,55339,20251207
13,13143,20251207
14,80387,20251207
15,97473,20251207
16,60004,20251207
17,94459,20251207
0,51061,20251208
1,71934,20251208
2,46414,20251208
3,91553,20251208
4,50642,20251208
5,24118,20251208
6,21473,20251208
7,76457,20251208
8,40792,20251208
9,69057,20251208
10,20406,20251208
11,23956,20251208
12,45409,20251208
13,72894,20251208
14,11850,20251208
15,49712,20251208
16,27731,20251208
17,89152,20251208
0,57508,20251209
1,55312,20251209
2,12234,20251209
3,87187,20251209
4,90343,20251209
5,91443,20251209
6,66583,20251209
7,91373,20251209
8,98560,20251209
9,56856,20251209
10,45821,20251209
11,18845,20251209
12,93825,20251209
13,73554,20251209
14,52718,20251209
15,52701,20251209
16,82798,20251209
17,61295,20251209
0,54434,20251210
1,32136,20251210
2,75862,20251210
3,80376,20251210
4,11100,20251210
5,62437,20251210
6,17259,20251210
7,39902,20251210
8,92092,20251210
9,91465,20251210
10,99870,20251210
11,50540,20251210
12,13884,20251210
13,74756,20251210
14,33557,20251210
15,46866,20251210
16,50452,20251210
17,22714,20251210
0,14073,20251211
1,91685,20251211
2,58153,20251211
3,22650,20251211
4,38360,20251211
5,57109,20251211
6,45972,20251211
7,27033,20251211
8,16339,20251211
9,42978,20251211
10,30788,20251211
11,36349,20251211
12,31661,20251211
13,73771,20251211
14,58063,20251211
15,25903,20251211
16,85258,20251211
17,37084,20251211
0,63404,20251212
1,92224,20251212
2,17882,20251212
3,46379,20251212
4,94990,20251212
5,86119,20251212
6,39329,20251212
7,53671,20251212
8,79068,20251212
9,52966,20251212
10,93345,20251212
11,69124,20251212
12,57488,20251212
13,58901,20251212
14,33824,20251212
15,18011,20251212
16,30701,20251212
17,48310,20251212
0,76799,20251213
1,42958,20251213
2,92857,20251213
3,97299,20251213
4,48763,20251213
5,20560,20251213
6,42405,20251213
7,41147,20251213
8,84836,20251213
9,44343,20251213
10,18711,20251213
11,45314,20251213
12,44164,20251213
13,80454,20251213
14,22985,20251213
15,93342,20251213
16,22695,20251213
17,94896,20251213
0,40260,20251214
1,88463,20251214
2,67171,20251214
3,19957,20251214
4,93646,20251214
5,80886,20251214
6,34792,20251214
7,22749,20251214
8,18442,20251214
9,22413,20251214
10,72001,20251214
11,78612,20251214
12,89691,20251214
13,73851,20251214
14,70023,20251214
15,63607,20251214
16,17765,20251214
17,19283,20251214
0,68547,20251215
1,77616,20251215
2,83536,20251215
3,10908,20251215
4,68729,20251215
5,42318,20251215
6,52444,20251215
7,70765,20251215
8,23915,20251215
9,80911,20251215
10,34936,20251215
11,16275,20251215
12,17652,20251215
13,36659,20251215
14,73519,20251215
15,71056,20251215
16,44352,20251215
17,97469,20251215
0,17397,20251216
1,45763,20251216
2,92598,20251216
3,90318,20251216
4,77149,20251216
5,90666,20251216
6,18813,20251216
7,77479,20251216
8,91316,20251216
9,12192,20251216
10,69287,20251216
11,72885,20251216
12,21149,20251216
13,95537,20251216
14,27720,20251216
15,51205,20251216
16,83033,20251216
17,69361,20251216
0,61233,20251217
1,14427,20251217
2,97086,20251217
3,45822,20251217
4,20093,20251217
5,60024,20251217
6,86810,20251217
7,58461,20251217
8,52368,20251217
9,40361,20251217
10,85196,20251217
11,66060,20251217
12,37669,20251217
13,83459,20251217
14,12614,20251217
15,83804,20251217
16,72687,20251217
17,43828,20251217
0,23588,20251218
1,12181,20251218
2,75828,20251218
3,24081,20251218
4,63253,20251218
5,60839,20251218
6,12000,20251218
7,80858,20251218
8,10207,20251218
9,53515,20251218
10,64424,20251218
11,78467,20251218
12,12679,20251218
13,66604,20251218
14,31266,20251218
15,44982,20251218
16,97166,20251218
17,72235,20251218
0,73809,20251219
1,58853,20251219
2,96902,20251219
3,36999,20251219
4,91901,20251219
5,17877,20251219
6,49035,20251219
7,79106,20251219
8,52858,20251219
9,27462,20251219
10,37984,20251219
11,35027,20251219
12,69917,20251219
13,47065,20251219
14,25672,20251219
15,74033,20251219
16,78717,20251219
17,73940,20251219
0,47184,20251220
1,80207,20251220
2,47086,20251220
3,69725,20251220
4,99974,20251220
5,95789,20251220
6,21709,20251220
7,54219,20251220
8,81146,20251220
9,53798,20251220
10,38651,20251220
11,78327,20251220
12,94566,20251220
13,51544,20251220
14,69937,20251220
15,60149,20251220
16,54049,20251220
17,74404,20251220
0,81396,20251221
1,79628,20251221
2,66384,20251221
3,57416,20251221
4,97008,20251221
5,94290,20251221
6,99484,20251221
7,19469,20251221
8,29319,20251221
9,29500,20251221
10,26340,20251221
11,36645,20251221
12,96089,20251221
13,18275,20251221
14,40418,20251221
15,82391,20251221
16,55913,20251221
17,86021,20251221
0,40266,20251222
1,50610,20251222
2,86777,20251222
3,59487,20251222
4,10319,20251222
5,48129,20251222
6,85819,20251222
7,42785,20251222
8,45214,20251222
9,76085,20251222
10,47491,20251222
11,26037,20251222
12,73583,20251222
13,75865,20251222
14,72282,20251222
15,64451,20251222
16,64244,20251222
17,25242,20251222
0,69646,20251223
1,65927,20251223
2,52210,20251223
3,39893,20251223
4,15654,20251223
5,60991,20251223
6,41140,20251223
7,63767,20251223
8,94387,20251223
9,87870,20251223
10,86068,20251223
11,94810,20251223
12,27133,20251223
13,59377,20251223
14,21097,20251223
15,14956,20251223
16,71439,20251223
17,19121,20251223
0,28930,20251224
1,91895,20251224
2,75316,20251224
3,13917,20251224
4,20824,20251224
5,96732,20251224
6,75638,20251224
7,68827,20251224
8,39640,20251224
9,19705,20251224
10,82457,20251224
11,31860,20251224
12,40122,20251224
13,80160,20251224
14,65164,20251224
15,24911,20251224
16,83451,20251224
17,22009,20251224
0,98261,20251225
1,18940,20251225
2,79035,20251225
3,85203,20251225
4,17483,20251225
5,75095,20251225
6,52735,20251225
7,68016,20251225
8,70852,20251225
9,61031,20251225
10,83948,20251225
11,36679,20251225
12,62563,20251225
13,49579,20251225
14,98251,20251225
15,29075,20251225
16,75156,20251225
17,79188,20251225
0,82378,20251226
1,15427,20251226
2,62906,20251226
3,43263,20251226
4,38164,20251226
5,76069,20251226
6,33859,20251226
7,32876,20251226
8,46624,20251226
9,20560,20251226
10,32081,20251226
11,31672,20251226
12,64578,20251226
13,96775,20251226
14,51483,20251226
15,91860,20251226
16,34589,20251226
17,13932,20251226
0,60178,20251227
1,81819,20251227
2,51211,20251227
3,95129,20251227
4,86073,20251227
5,19044,20251227
6,33301,20251227
7,74858,20251227
8,11882,20251227
9,35678,20251227
10,25674,20251227
11,32811,20251227
12,16959,20251227
13,74963,20251227
14,45843,20251227
15,76731,20251227
16,13384,20251227
17,64100,20251227
0,52676,20251228
1,31838,20251228
2,30976,20251228
3,32151,20251228
4,42614,20251228
5,37973,20251228
6,80498,20251228
7,84149,20251228
8,91103,20251228
9,52609,20251228
10,95910,20251228
11,52837,20251228
12,61711,20251228
13,14798,20251228
14,64130,20251228
15,44409,20251228
16,34143,20251228
17,60239,20251228
0,98803,20251229
1,77835,20251229
2,50752,20251229
3,87497,20251229
4,17786,20251229
5,61589,20251229
6,44294,20251229
7,90478,20251229
8,47497,20251229
9,66111,20251229
10,54185,20251229
11,45425,20251229
12,67980,20251229
13,52652,20251229
14,64486,20251229
15,22331,20251229
16,19309,20251229
17,99507,20251229
0,91567,20251230
1,66205,20251230
2,75293,20251230
3,66078,20251230
4,59982,20251230
5,87622,20251230
6,68557,20251230
7,15921,20251230
8,56699,20251230
9,13407,20251230
10,96336,20251230
11,85532,20251230
12,54541,20251230
13,54666,20251230
14,34308,20251230
15,33944,20251230
16,51093,20251230
17,54402,20251230
0,30510,20251231
1,65961,20251231
2,55458,20251231
3,60527,20251231
4,70947,20251231
5,21120,20251231
6,22504,20251231
7,67699,20251231
8,67619,20251231
9,65671,20251231
10,24173,20251231
11,78576,20251231
12,61120,20251231
13,82766,20251231
14,93395,20251231
15,62612,20251231
16,49737,20251231
17,72134,20251231
0,12606,20260101
1,79348,20260101
2,27886,20260101
3,49705,20260101
4,51807,20260101
5,59939,20260101
6,39576,20260101
7,59412,20260101
8,23463,20260101
9,95005,20260101
10,61521,20260101
11,32993,20260101
12,69748,20260101
13,15947,20260101
14,90459,20260101
15,58279,20260101
16,26531,20260101
17,74479,20260101
